INSERT INTO user (user_id, username, email, password) VALUES
(1, 'JohnDoe', 'john.doe@example.com', 'JohnsPass123'),
(2, 'JaneSmith', 'jane.smith@example.com', 'JanesPass123'),
(3, 'MikeBrown', 'mike.brown@example.com', 'MikesPass123'),
(4, 'LisaRay', 'lisa.ray@example.com', 'LisasPass123'),
(5, 'ChrisWillow', 'chris.willow@example.com', 'ChrisPass123'),
(6, 'PatriciaLark', 'patricia.lark@example.com', 'PatriciasPass123'),
(7, 'AaronSpear', 'aaron.spear@example.com', 'AaronsPass123'),
(8, 'SandraPike', 'sandra.pike@example.com', 'SandrasPass123'),
(9, 'TimGreen', 'tim.green@example.com', 'TimsPass123'),
(10, 'OliviaStone', 'olivia.stone@example.com', 'OliviasPass123'),
(11, 'EthanHunt', 'ethan.hunt@example.com', 'EthansPass123'),
(12, 'SophiaCrest', 'sophia.crest@example.com', 'SophiasPass123'),
(13, 'MasonFox', 'mason.fox@example.com', 'MasonsPass123'),
(14, 'IsabellaHawk', 'isabella.hawk@example.com', 'IsabellasPass123'),
(15, 'LucasPine', 'lucas.pine@example.com', 'LucasPass123'),
(16, 'EmmaSpear', 'emma.spear@example.com', 'EmmasPass123'),
(17, 'JamesPond', 'james.pond@example.com', 'JamesPass123'),
(18, 'AvaSmith', 'ava.smith@example.com', 'AvasPass123'),
(19, 'WilliamRush', 'william.rush@example.com', 'WilliamsPass123'),
(20, 'AlexGreen', 'alex.green@example.com', 'AlexsPass123');

INSERT INTO portfolio (portfolio_id, user_id, portfolio_name, creation_date, description) VALUES
(1, 1, 'Tech Titans', '2024-01-01', 'Focused on large-cap technology firms'),
(2, 1, 'Green Energy', '2024-01-05', 'Investments in renewable energy companies'),
(3, 1, 'Healthcare Innovators', '2024-01-10', 'A mix of healthcare service providers and pharma companies'),
(4, 1, 'Financial Leaders', '2024-01-15', 'Comprised of banks and financial services firms'),
(5, 1, 'Global Real Estate', '2024-01-20', 'Real estate investment trusts from around the world'),
(6, 1, 'Emerging Markets', '2024-01-25', 'Stocks from rapidly growing emerging economies'),
(7, 1, 'Dividend Champions', '2024-02-01', 'High-yield dividend-paying companies'),
(8, 1, 'Small Cap Gems', '2024-02-05', 'Small market capitalization companies with growth potential'),
(9, 1, 'Biotech Breakthroughs', '2024-02-10', 'Firms at the forefront of medical and biotechnological innovation'),
(10, 1, 'Industrial Giants', '2024-02-15', 'Leaders in the industrial sector'),
(11, 2, 'Consumer Staples', '2024-02-20', 'Companies producing essential consumer goods'),
(12, 2, 'Communication Networks', '2024-02-25', 'Telecom and communication service providers'),
(13, 2, 'Blue Chip Holdings', '2024-03-01', 'Stable large-cap stocks with a record of performance'),
(14, 2, 'Transportation and Logistics', '2024-03-05', 'Covers airlines, shipping, and logistics firms'),
(15, 2, 'Tech Startups', '2024-03-10', 'Portfolio of high-growth potential tech startups'),
(16, 2, 'Retail Revolution', '2024-03-15', 'E-commerce and retail companies adapting to new trends'),
(17, 2, 'Media and Entertainment', '2024-03-20', 'Companies in the media, entertainment, and streaming sectors'),
(18, 2, 'Luxury Brands', '2024-03-25', 'High-end goods and fashion companies'),
(19, 2, 'Cybersecurity Defenders', '2024-04-01', 'Firms specializing in cybersecurity solutions'),
(20, 2, 'Automation and AI', '2024-04-05', 'Companies leading in automation and artificial intelligence technology');

INSERT INTO stock (stock_id, ticker_symbol, company_name, sector, current_price, volume) VALUES
(1, 'AAPL', 'Apple Inc.', 'Technology', 150.00, 1000000),
(2, 'MSFT', 'Microsoft Corporation', 'Technology', 280.00, 1500000),
(3, 'AMZN', 'Amazon.com, Inc.', 'Consumer Goods', 3300.00, 500000),
(4, 'GOOGL', 'Alphabet Inc.', 'Technology', 2500.00, 2000000),
(5, 'TSLA', 'Tesla, Inc.', 'Automotive', 720.00, 800000),
(6, 'FB', 'Meta Platforms, Inc.', 'Technology', 275.00, 1200000),
(7, 'BRK.B', 'Berkshire Hathaway Inc.', 'Financials', 205.00, 400000),
(8, 'V', 'Visa Inc.', 'Financials', 220.00, 750000),
(9, 'JNJ', 'Johnson & Johnson', 'Healthcare', 165.00, 850000),
(10, 'WMT', 'Walmart Inc.', 'Consumer Goods', 140.00, 500000),
(11, 'PG', 'Procter & Gamble', 'Consumer Goods', 130.00, 600000),
(12, 'MA', 'Mastercard Incorporated', 'Financials', 365.00, 350000),
(13, 'NVDA', 'NVIDIA Corporation', 'Technology', 195.00, 700000),
(14, 'HD', 'The Home Depot, Inc.', 'Consumer Goods', 310.00, 300000),
(15, 'DIS', 'The Walt Disney Company', 'Consumer Services', 180.00, 450000),
(16, 'BAC', 'Bank of America Corporation', 'Financials', 38.00, 12000000),
(17, 'VZ', 'Verizon Communications Inc.', 'Communication Services', 59.00, 2100000),
(18, 'KO', 'The Coca-Cola Company', 'Consumer Goods', 54.00, 800000),
(19, 'MRK', 'Merck & Co., Inc.', 'Healthcare', 89.00, 950000),
(20, 'PFE', 'Pfizer Inc.', 'Healthcare', 42.00, 1300000);

INSERT INTO transaction (transaction_id, portfoliostock_id, transaction_date, type, quantity, price_per_share) VALUES
(1, 1, 1, '2024-01-03', 'Buy', 50, 150.00),
(2, 1, 3, '2024-01-04', 'Buy', 30, 3300.00),
(3, 2, 2, '2024-01-05', 'Sell', 15, 280.00),
(4, 2, 4, '2024-01-06', 'Buy', 25, 2500.00),
(5, 1, 5, '2024-01-07', 'Buy', 10, 720.00),
(6, 1, 6, '2024-01-08', 'Sell', 5, 275.00),
(7, 2, 7, '2024-01-09', 'Buy', 40, 205.00),
(8, 2, 8, '2024-01-10', 'Sell', 60, 220.00),
(9, 1, 9, '2024-01-11', 'Buy', 70, 165.00),
(10, 1, 10, '2024-01-12', 'Sell', 20, 140.00),
(11, 2, 11, '2024-01-13', 'Buy', 55, 130.00),
(12, 2, 12, '2024-01-14', 'Sell', 35, 365.00),
(13, 1, 13, '2024-01-15', 'Buy', 45, 195.00),
(14, 1, 14, '2024-01-16', 'Sell', 25, 310.00),
(15, 2, 15, '2024-01-17', 'Buy', 30, 180.00),
(16, 2, 16, '2024-01-18', 'Sell', 85, 38.00),
(17, 1, 17, '2024-01-19', 'Buy', 95, 59.00),
(18, 1, 18, '2024-01-20', 'Sell', 50, 54.00),
(19, 2, 19, '2024-01-21', 'Buy', 65, 89.00),
(20, 2, 20, '2024-01-22', 'Sell', 10, 42.00);

INSERT INTO dividend (dividend_id, stock_id, payment_date, amount_per_share) VALUES
(1, 1, '2024-02-01', 0.82),
(2, 2, '2024-02-02', 0.55),
(3, 3, '2024-02-03', 1.20),
(4, 4, '2024-02-04', 0.65),
(5, 5, '2024-02-05', 0.78),
(6, 6, '2024-02-06', 0.34),
(7, 7, '2024-02-07', 1.25),
(8, 8, '2024-02-08', 0.90),
(9, 9, '2024-02-09', 0.60),
(10, 10, '2024-02-10', 0.48),
(11, 11, '2024-02-11', 0.75),
(12, 12, '2024-02-12', 0.88),
(13, 13, '2024-02-13', 0.56),
(14, 14, '2024-02-14', 0.47),
(15, 15, '2024-02-15', 0.52),
(16, 16, '2024-02-16', 0.39),
(17, 17, '2024-02-17', 0.63),
(18, 18, '2024-02-18', 0.85),
(19, 19, '2024-02-19', 0.58),
(20, 20, '2024-02-20', 0.72);

INSERT INTO corporate_action (corporateaction_id, stock_id, action_type, action_date, details) VALUES
(1, 1, 'Split', '2024-03-01', '4-for-1 stock split'),
(2, 2, 'Merger', '2024-03-02', 'Acquired by ABC Inc.'),
(3, 3, 'Dividend', '2024-03-03', 'Special dividend of $1.50 per share'),
(4, 4, 'Split', '2024-03-04', '2-for-1 stock split'),
(5, 5, 'Merger', '2024-03-05', 'Merger with DEF Technologies'),
(6, 6, 'Dividend', '2024-03-06', 'Special dividend of $0.75 per share'),
(7, 7, 'Split', '2024-03-07', '3-for-1 stock split'),
(8, 8, 'Merger', '2024-03-08', 'Acquisition by GHI Global'),
(9, 9, 'Dividend', '2024-03-09', 'Special dividend of $1.20 per share'),
(10, 10, 'Split', '2024-03-10', '5-for-1 stock split'),
(11, 11, 'Merger', '2024-03-11', 'Joining forces with JKL Enterprises'),
(12, 12, 'Dividend', '2024-03-12', 'Special dividend of $0.65 per share'),
(13, 13, 'Split', '2024-03-13', '3-for-2 stock split'),
(14, 14, 'Merger', '2024-03-14', 'Merger approved with MNO Corp.'),
(15, 15, 'Dividend', '2024-03-15', 'Special dividend of $0.85 per share'),
(16, 16, 'Split', '2024-03-16', '7-for-2 stock split'),
(17, 17, 'Merger', '2024-03-17', 'Acquired by PQR Services'),
(18, 18, 'Dividend', '2024-03-18', 'Special dividend of $1.00 per share'),
(19, 19, 'Split', '2024-03-19', '2-for-3 stock split'),
(20, 20, 'Merger', '2024-03-20', 'Merging with STU Inc.');

INSERT INTO portfolio_stock (portfoliostock_id, portfolio_id, stock_id, quantity_owned) VALUES
(1, 1, 1, 100),
(2, 1, 3, 150),
(3, 1, 5, 120),
(4, 1, 7, 80),
(5, 1, 9, 200),
(6, 1, 11, 60),
(7, 1, 13, 90),
(8, 1, 15, 110),
(9, 1, 17, 100),
(10, 1, 19, 130),
(11, 2, 2, 140),
(12, 2, 4, 160),
(13, 2, 6, 180),
(14, 2, 8, 70),
(15, 2, 10, 190),
(16, 2, 12, 210),
(17, 2, 14, 230),
(18, 2, 16, 250),
(19, 2, 18, 270),
(20, 2, 20, 290);

INSERT INTO performance (performance_id, portfolio_id, date, total_value, unrealized_gains_losses, realized_gains_losses) VALUES
(1, 1, '2024-01-01', 10000.00, 500.00, -200.00),
(2, 1, '2024-01-02', 10500.00, 550.00, -150.00),
(3, 1, '2024-01-03', 11000.00, 600.00, -100.00),
(4, 1, '2024-01-04', 11500.00, 650.00, -50.00),
(5, 1, '2024-01-05', 12000.00, 700.00, 0.00),
(6, 1, '2024-01-06', 12500.00, 750.00, 50.00),
(7, 1, '2024-01-07', 13000.00, 800.00, 100.00),
(8, 1, '2024-01-08', 13500.00, 850.00, 150.00),
(9, 1, '2024-01-09', 14000.00, 900.00, 200.00),
(10, 1, '2024-01-10', 14500.00, 950.00, 250.00),
(11, 2, '2024-01-11', 15000.00, 1000.00, 300.00),
(12, 2, '2024-01-12', 15500.00, 1050.00, 350.00),
(13, 2, '2024-01-13', 16000.00, 1100.00, 400.00),
(14, 2, '2024-01-14', 16500.00, 1150.00, 450.00),
(15, 2, '2024-01-15', 17000.00, 1200.00, 500.00),
(16, 2, '2024-01-16', 17500.00, 1250.00, 550.00),
(17, 2, '2024-01-17', 18000.00, 1300.00, 600.00),
(18, 2, '2024-01-18', 18500.00, 1350.00, 650.00),
(19, 2, '2024-01-19', 19000.00, 1400.00, 700.00),
(20, 2, '2024-01-20', 19500.00, 1450.00, 750.00);
